ticker,n_predictions,n_folds,mean_y_up_true,mean_y_up_pred,up_xgb_rmse,up_xgb_mae,up_naive_rmse,up_naive_mae,up_improve_pct,mean_y_dn_true,mean_y_dn_pred,dn_xgb_rmse,dn_xgb_mae,dn_naive_rmse,dn_naive_mae,dn_improve_pct,avg_improve_pct
FCX,1662,28,0.035522023612589534,0.032569415867328644,0.05072551917517984,0.0379124834875186,0.06087996278617019,0.04428709116119141,16.679451080901586,-0.02695332321591232,-0.030997667461633682,0.051286859457891174,0.038114561934709044,0.05508164149631319,0.03871128904393516,6.889377177831591,11.784414129366588
SLB,1662,28,0.028999263723716646,0.028602857142686844,0.04686795382257297,0.03388637736991532,0.054125139939179036,0.0377279668064084,13.408161391843121,-0.026093994335557757,-0.031438812613487244,0.047502263146354126,0.034554979097080066,0.05087970354036519,0.035648624921859905,6.638089766642574,10.023125579242848
GILD,1662,28,0.018074169232645893,0.018294600769877434,0.027811910641032427,0.02049169672026335,0.03212166468546063,0.022586636061437293,13.416969782325584,-0.013669017628484614,-0.017887549474835396,0.02452956013308981,0.018987620856498452,0.026221543183852607,0.01959777767119565,6.4526448306243545,9.93480730647497
LRCX,1662,28,0.035975958586201194,0.030258091166615486,0.0487962639496968,0.03559461986574093,0.0588688436740402,0.04320670513805901,17.110204814138687,-0.02381663429707409,-0.03080318495631218,0.04871563967721639,0.03596203189127529,0.04973710691659899,0.03548181289326887,2.0537327213169587,9.581968767727822
NXPI,1662,28,0.0288449450567374,0.027347462251782417,0.04232298457814803,0.030889549374732587,0.04950357936302597,0.03592940317911782,14.505203214135864,-0.023907596132564716,-0.02846401557326317,0.043804248743016354,0.031759934940880384,0.045911966592649144,0.03313136392299318,4.590781023024726,9.547992118580295
MU,1662,28,0.037922866966137676,0.031912192702293396,0.053328767563410734,0.0396663277498376,0.06370162084076508,0.04683782231798547,16.283499760992527,-0.025985523540993385,-0.0337088480591774,0.05162135039154163,0.03834182821593859,0.05309654311042829,0.03813214667716995,2.7783215864328636,9.530910673712695
AMAT,1662,28,0.033909711771092366,0.02803550846874714,0.046467091387585154,0.034730887229047054,0.05531731519158379,0.04108042917391118,15.99901183444482,-0.023112106921226956,-0.029765887185931206,0.04580192121637916,0.03403740041222521,0.04701060843052921,0.034094744432996676,2.5710945986504585,9.28505321654764
OXY,1662,28,0.0316413455551151,0.03286828473210335,0.058356916620958495,0.037757329952301036,0.0647653125003724,0.040907692422729465,9.894796507585845,-0.027302722224681827,-0.03419731929898262,0.04984119563241554,0.03421758734629123,0.05422705711196457,0.03697875461768865,8.087957770773702,8.991377139179773
PFE,1662,28,0.01655313730621217,0.018841762095689774,0.028222181225866224,0.020816494136831218,0.031743297715492697,0.022012083927324448,11.09247224779658,-0.016061462932768337,-0.019052330404520035,0.027809020888259046,0.020671237470480348,0.029502319417673062,0.021587676352145525,5.739543747193188,8.416007997494884
AMD,1662,28,0.04051667446510169,0.039273716509342194,0.06159563263640109,0.04598764382963051,0.06937807568531429,0.04988349083194441,11.217438610163931,-0.02842298676776167,-0.03270895034074783,0.052994245674820896,0.040254879402301116,0.05605399016860621,0.04151377505510465,5.458566793517883,8.338002701840907
GE,1662,28,0.027581934961255068,0.022382600232958794,0.039701649642938174,0.027885684116297563,0.04644792997307613,0.03368463599473458,14.524393948338465,-0.018557817853513733,-0.02724550850689411,0.04047470063429761,0.029150722812326755,0.04097544586687572,0.02785694780305112,1.2220617054539806,7.873227826896223
BAC,1662,28,0.021946439902060497,0.022046605125069618,0.033143185523873096,0.024001900768638465,0.03904507870355128,0.027665140990172844,15.115587868289747,-0.017468026291894565,-0.0227253008633852,0.03644144440309937,0.025923396245008692,0.03664039398509477,0.024992346142630188,0.5429788284381787,7.829283348363963
MPC,1662,28,0.02979787003106278,0.0250032190233469,0.04588881641819142,0.030368334298460618,0.05396180929667127,0.03670199840085618,14.96056745261477,-0.02175645568749136,-0.03044767491519451,0.048972217115827964,0.033756267788957336,0.04928971861515205,0.031912815332911994,0.6441536049396013,7.802360528777186
ETSY,1662,28,0.04083622127258087,0.03987137973308563,0.0675220643873334,0.05015398221079552,0.07539565839102379,0.05295411845963895,10.443033686178115,-0.03502959355125006,-0.037948280572891235,0.06375411734128902,0.047716784701730915,0.06716810398872536,0.048454484196714116,5.082749764693961,7.762891725436038
NOW,1662,28,0.028411472434399194,0.026050273329019547,0.040755413211159136,0.03012192633779813,0.04848136095610276,0.0352731189272782,15.935913498672305,-0.023080056483852075,-0.02651805244386196,0.045183334093815974,0.03335965212368644,0.04495474911687743,0.032409637545173106,-0.5084779282034324,7.7137177852344365
LLY,1662,28,0.02404976172183544,0.02231522649526596,0.03601968915607175,0.02580322546171461,0.042119109429218204,0.029324160774293544,14.481360968461644,-0.015470625515031788,-0.020798003301024437,0.03369942310721841,0.02518324826523634,0.03402025383582046,0.02367800849983246,0.9430580093563123,7.712209488908978
REGN,1662,28,0.021201124066837707,0.02226909250020981,0.0342252794519601,0.025611439917459677,0.03856407964307976,0.02717065387482068,11.250884842258246,-0.017950271072396523,-0.023083217442035675,0.03421469926906938,0.025762946670851272,0.03570343042404606,0.025017945144415868,4.169714610879605,7.710299726568925
COP,1662,28,0.02651334534801676,0.024282120168209076,0.04184031328365206,0.029070540011756994,0.04829734770977367,0.0336890765221722,13.369335444511243,-0.021602164490027286,-0.028604131191968918,0.043684280198587444,0.030814465195291074,0.04451154637895891,0.03019259730878102,1.8585428898118983,7.613939167161571
CCL,1662,28,0.0403712740826446,0.03740198537707329,0.075837302722681,0.05057937800148602,0.08384985930652503,0.05333917675584941,9.555837839337332,-0.03679806979984858,-0.03955623507499695,0.07141731521226206,0.04969597510849348,0.07565104957238879,0.05028159873937223,5.596398707033878,7.576118273185605
ISRG,1662,28,0.02351223366618874,0.02138175442814827,0.03719578861234752,0.025364747293298004,0.043237030577089205,0.029395893223340193,13.972379425942517,-0.017874697762665252,-0.02266121096909046,0.03742862710142323,0.0271684619030671,0.03784043353591528,0.025900722881199056,1.0882709208423602,7.530325173392439
WFC,1662,28,0.023361922776401818,0.022275518625974655,0.03628071732902829,0.02622041979216477,0.041566528861122276,0.029612682513538907,12.716509357214756,-0.0189403315065447,-0.023863203823566437,0.03881635211742799,0.027976822287381797,0.03962673774773877,0.02680385880148124,2.0450475521594624,7.380778454687109
ADI,1662,28,0.02364002604825815,0.022963853552937508,0.03450005129868606,0.025168018817663212,0.04052134660487181,0.028964522263273645,14.859563688492583,-0.018275381642869445,-0.02367853932082653,0.035423332051566045,0.025965604916327108,0.03537562026275507,0.02568988103734994,-0.13487194982473305,7.362345869333925
C,1662,28,0.023413316440449437,0.020156437531113625,0.036904539312471916,0.025781519034550306,0.042568420925390364,0.029582467391945685,13.305359911859371,-0.019070462819124886,-0.02371559478342533,0.040418946778456685,0.02799372112294027,0.04094066659630693,0.0269759041878111,1.2743315173507797,7.289845714605075
INTC,1662,28,0.029195932537146845,0.029196089133620262,0.05151730569102164,0.035350676665036225,0.057264160774076235,0.03771700160853566,10.035692491378,-0.025564899028069927,-0.030570460483431816,0.048970496509824116,0.03483577259449034,0.05110366890236955,0.03476375843312424,4.174205958912136,7.104949225145068
TMO,1662,28,0.019184278631647348,0.01897495798766613,0.0289934301513778,0.021288162051270678,0.03333458862509188,0.024153253192477218,13.022984991770281,-0.016035100866627915,-0.019185954704880714,0.030835086547805472,0.023009161542659234,0.03108436461259199,0.022464699154485852,0.8019403577756878,6.912462674772985
TTD,1662,28,0.04431795740958337,0.044801775366067886,0.076274671042986,0.05083263903693314,0.08525235552584505,0.05611284066480794,10.53071721887775,-0.035384572411873844,-0.038769856095314026,0.0723939659896623,0.051088430591180976,0.07456754359102181,0.05016035166337519,2.9149110949407975,6.7228141569092745
PYPL,1662,28,0.026101951827091848,0.024069752544164658,0.04275484857210926,0.030536419585363638,0.047763519037732426,0.03449580549887974,10.48639331131861,-0.02569730121187728,-0.027680255472660065,0.04832428196397114,0.03501717825672125,0.049722085883254434,0.03413852499021579,2.8112334678904727,6.648813389604541
CAT,1662,28,0.023408332697630152,0.020058445632457733,0.03506952344224191,0.026609892821511133,0.04017280658287215,0.02910477073559935,12.703327386655749,-0.017061793539339183,-0.021682478487491608,0.03451225239223513,0.0257897518342287,0.03469416144224931,0.024985094407990353,0.524321794942284,6.613824590799016
DE,1662,28,0.022619700132496354,0.019876493141055107,0.033435149588675425,0.023948900476076677,0.03884687731902368,0.027963259418947166,13.930920845722849,-0.016799714794233474,-0.022396186366677284,0.036094826573207534,0.02579468220906168,0.0357855821197271,0.024473800522543564,-0.8641593489964849,6.533380748363182
TXN,1662,28,0.021380495213879785,0.021771680563688278,0.03120108962625264,0.023155753982200888,0.03609001131959585,0.026452604481501444,13.546467608583601,-0.017283495655046378,-0.023059003055095673,0.03334817868377851,0.0244263681514955,0.03311019802609766,0.023912625859556662,-0.7187533505335075,6.413857129025047
MS,1662,28,0.024100700607980443,0.019545888528227806,0.03442224731288238,0.02456734298634851,0.04102472708724201,0.029533960368891454,16.09390297787717,-0.0166139944257323,-0.022382868453860283,0.03760659912688451,0.026789575167027745,0.036370925078575284,0.02473258680060135,-3.3974226546058084,6.348240161635681
AXP,1662,28,0.02296563381616008,0.01914915442466736,0.03760370394131544,0.024774378397081125,0.04251741907637407,0.028548121371951046,11.556945933693951,-0.01782678140635381,-0.021564025431871414,0.03899463463610758,0.026941536449618726,0.03935081564198395,0.025794151113563916,0.9051426255479167,6.231044279620934
RCL,1662,28,0.03902691034808169,0.03274315223097801,0.07616227066377673,0.044843988709836496,0.08274870432254287,0.049494383851060406,7.959561074325883,-0.029550302039197705,-0.034950558096170425,0.06338511183632872,0.043055182951316114,0.06605211530593548,0.04233867021181011,4.037726055030822,5.9986435646783525
UPS,1662,28,0.0185120530202586,0.019189544022083282,0.031672033108348686,0.02210924866657391,0.035385233143246715,0.02381302989916698,10.493642983405616,-0.016884354367568556,-0.020201560109853745,0.03456964196052101,0.02411460096584734,0.035046370645526244,0.02328586166476822,1.3602797557187074,5.926961369562162
QCOM,1662,28,0.027141599476527653,0.0267373938113451,0.0462886207807593,0.03101740034527867,0.05112915565926778,0.033962197077749695,9.46726934191231,-0.0217769956855967,-0.026283668354153633,0.041853236149196144,0.03056663230906566,0.042822691350985355,0.030713480899258593,2.263882000884332,5.865575671398321
TJX,1662,28,0.01943638750458089,0.018867891281843185,0.02934011485955565,0.019516502306496087,0.0348217353437718,0.023697420259440792,15.741950911118485,-0.013829631942328618,-0.02034940756857395,0.03287886066978736,0.021746779780538406,0.031555184522002594,0.020043188589570864,-4.194797678529816,5.773576616294335
NKE,1662,28,0.02102436024120151,0.0214900691062212,0.03684303887955541,0.025398369810895178,0.04066943192370444,0.02771981887760954,9.40852346137343,-0.02058845809549975,-0.02218453399837017,0.03989716877109586,0.02807889476120405,0.04070075752262438,0.027794594564290776,1.9743827890226107,5.691453125198021
JPM,1662,28,0.020508271917766524,0.01691375859081745,0.030849351123882505,0.021553015760462375,0.03586856628008022,0.02522764706627017,13.993353168914258,-0.014191205488939434,-0.020075824111700058,0.032508306547327226,0.02315650794088809,0.03162357585218935,0.021153231440171918,-2.797693402141377,5.59782988338644
ADBE,1662,28,0.022492750740782816,0.022327570244669914,0.03472069489807988,0.025568818782910497,0.03967529770275483,0.02909760546699194,12.48787807918813,-0.02097084663093111,-0.025181245058774948,0.04215345983722999,0.03073149232649779,0.04159582848553759,0.02858128584056425,-1.3405944105339351,5.5736418343270975
EBAY,1662,28,0.023044919921595852,0.021443622186779976,0.0349499646140149,0.025502826638755034,0.0406122328375343,0.02899528819271098,13.942272630443163,-0.018337453903628228,-0.024200811982154846,0.03806022683328831,0.027969074511231217,0.03696934305185229,0.02599527129886942,-2.9507794604463955,5.495746584998384
XOM,1662,28,0.021547861760126113,0.020625919103622437,0.03226241712233946,0.023379746066999576,0.03761946000418035,0.026916814210987777,14.240084470233239,-0.017413792844107222,-0.024979140609502792,0.03576921171560159,0.02571969021548395,0.034580468311059966,0.024204780951037348,-3.437615112232084,5.401234679000577
VRTX,1662,28,0.02084725104068867,0.020151710137724876,0.030641659711697,0.022371756071213073,0.03542393746412898,0.02579039234650875,13.500130405533305,-0.015510778662720758,-0.02109220251441002,0.03502329277112562,0.023959627976980362,0.03406253000762858,0.022067092078256578,-2.820585444715551,5.339772480408877
MRK,1662,28,0.016480156902821383,0.01658722013235092,0.026418797310313904,0.019309983016169516,0.02961572791013716,0.021004445318039636,10.794705467053479,-0.013591728252948961,-0.017108384519815445,0.02733598350200089,0.020034781984125213,0.027281066718218745,0.01925366767868306,-0.20129998709130792,5.296702739981086
HON,1662,28,0.01683316099409855,0.016148222610354424,0.027158342119374845,0.01856440697491807,0.030969230686415026,0.02121401964936412,12.305402758073248,-0.013814554680944604,-0.01863108202815056,0.030368388491299626,0.020418737313112823,0.029754600967509752,0.019449750197215614,-2.062832314438001,5.121285221817623
PANW,1662,28,0.028210938729376314,0.028084145858883858,0.04169637551433727,0.029914615310070933,0.049531043814889486,0.034815531147637364,15.817692697598762,-0.020726913550197117,-0.02577105537056923,0.048899564556184986,0.03389556998893166,0.04627896737899351,0.03079241048426165,-5.662609443574129,5.077541627012316
AMZN,1662,28,0.02405510577693618,0.022472547367215157,0.03678588077127601,0.02662776566659369,0.04184919173978498,0.0301649483260658,12.098945661823635,-0.019103779552066755,-0.023447493091225624,0.039470656521387114,0.028845736526558804,0.03863466824443363,0.02707966980360729,-2.1638293142945075,4.967558173764564
WDAY,1662,28,0.025435484746634318,0.02667498029768467,0.042071736942640735,0.030570852215601074,0.04698877749808752,0.03298333485610598,10.464287043107067,-0.023775184329808536,-0.02761358767747879,0.04527845912524041,0.032481971938081514,0.04492824496403146,0.03201780170382481,-0.7794966429009786,4.842395200103044
GS,1662,28,0.023068582913704644,0.018926799297332764,0.033910117419562465,0.02400401798277844,0.03955777614734307,0.028264274506607807,14.2769874290821,-0.015699688427989928,-0.021526116877794266,0.0355371301553928,0.025041966207029146,0.03396313414305588,0.02336428036322574,-4.634425096656591,4.821281166212755
CI,1662,28,0.02052821528101281,0.020996268838644028,0.03497163398008173,0.024168951443065162,0.03897947987745357,0.026171343225358426,10.281937855435697,-0.017655371175727956,-0.02257203496992588,0.0375253490690895,0.026558798742755473,0.037242582745475435,0.02468037940122921,-0.7592554081078395,4.761341223663928
LOW,1662,28,0.021110781904868495,0.019405754283070564,0.03365892860083348,0.022928986897508583,0.038336578479769096,0.02644724425862843,12.201531968754331,-0.016121156617654907,-0.020884502679109573,0.03651785299518591,0.024913724410482896,0.035560627392192824,0.023353777364193015,-2.6918130336565316,4.7548594675489
BMY,1662,28,0.01674928981406725,0.01821115054190159,0.026998950323319386,0.02011351582086354,0.030259870228205504,0.021646214861211,10.776384301366182,-0.01433904849589623,-0.017463108524680138,0.028184483011924964,0.020948492292093175,0.027815951608172608,0.019970383393373797,-1.3248923097927578,4.725745995786712
NFLX,1662,28,0.0290950924539973,0.026942593976855278,0.046901680386718395,0.03230007932406025,0.05331836638908134,0.036138573932054226,12.034663544524825,-0.021690037943835696,-0.02847057580947876,0.049714116366453946,0.034119532949671884,0.04843047188072249,0.03160062379910931,-2.650489321873417,4.692087111325704
RTX,1662,28,0.019643417752624348,0.0175857562571764,0.03367423912322938,0.021677851156378793,0.03751994952531558,0.024235665118710604,10.24977498834696,-0.014885440782499947,-0.020524635910987854,0.03575556355320421,0.023783960720026056,0.03539660514406451,0.0219768715608275,-1.0141040579421112,4.6178354652024245
LULU,1662,28,0.02685174567695944,0.02668684534728527,0.04428252951380465,0.03150447044491252,0.04902968631544164,0.03422369541866968,9.682209205042158,-0.022995412563817628,-0.027772866189479828,0.04655274165314732,0.03394590028387124,0.04633259229127672,0.03211993453551812,-0.47515010704906047,4.603529548996549
AVGO,1662,28,0.03039201396259505,0.03196854889392853,0.05065647260784569,0.0338399381315761,0.055128745526959615,0.03665578268677725,8.112415539959727,-0.0194471228359649,-0.02497822977602482,0.042715642903088026,0.030385506831403057,0.043149970367255625,0.029399332864091174,1.0065533312560215,4.5594844356078745
AMT,1662,28,0.01901984362595239,0.019490517675876617,0.031470665601580766,0.022732980916734574,0.03512777725487293,0.02461079502447979,10.410882609388118,-0.01677467854233966,-0.019996661692857742,0.03345099897605932,0.024284461941026944,0.03285853103684504,0.023060357736225275,-1.803087114728097,4.30389774733001
MA,1662,28,0.01855968443485433,0.016591761261224747,0.02830767598947583,0.019087919908123648,0.032853877501570046,0.022943976224821243,13.837640661675199,-0.014859278672840016,-0.020500697195529938,0.03394799464420423,0.02399268101154342,0.032251391239092514,0.02131688834318473,-5.260558816003047,4.288540922836075
T,1662,28,0.01615466056425343,0.018858149647712708,0.025720642195609125,0.018888439034125883,0.02912199498897548,0.020449196617391256,11.679669592189622,-0.013642331286822374,-0.01971880905330181,0.030002612672340865,0.021296454470820556,0.029059802869833565,0.019067198288084952,-3.244377832603984,4.217645879792819
CVS,1662,28,0.019917370532935345,0.019959401339292526,0.032737236507396454,0.023445921546157603,0.03714305187229901,0.02572941937491605,11.861748410039441,-0.016883631843827605,-0.022232133895158768,0.03607975205792648,0.025754352754678578,0.03486686011562734,0.02377004186808603,-3.478638277943258,4.191555066048092
NVDA,1662,28,0.04105762535605508,0.04171215742826462,0.059601307196297956,0.04517870114924319,0.06514217679699348,0.04874761943409603,8.505809712136081,-0.024676522908664265,-0.03304460644721985,0.05304385088585802,0.04015673548740761,0.052947267866482135,0.038513781745345685,-0.18241360369990467,4.161698054218088
TSLA,1662,28,0.049285204759346446,0.05100113898515701,0.0845234528691595,0.06002351147726299,0.09015141537500321,0.060184882234301774,6.242788848553349,-0.03291817741437952,-0.03992946818470955,0.06682736227718274,0.05036766986078265,0.06814599294435414,0.05006952138939666,1.9350083698217668,4.088898609187558
GOOG,1662,28,0.022946851658550642,0.021437741816043854,0.03274636297186486,0.02429945344787885,0.03779922208618656,0.02793396211716085,13.36762725645676,-0.016143821556544813,-0.022238915786147118,0.034668008520550096,0.026104051722128124,0.03295121038316722,0.023696985385578153,-5.210121623513664,4.078752816471548
BKNG,1662,28,0.024078863081205083,0.021731339395046234,0.03657592590555579,0.026310324916166635,0.04255693261477521,0.030399450955800197,14.054130177471691,-0.019007745648172952,-0.026361720636487007,0.04171314172343807,0.030461525026122396,0.03933946795005717,0.026969317350377022,-6.0338227664755495,4.010153705498071
GOOGL,1662,28,0.023054934181950575,0.02184787206351757,0.03280482474630445,0.024373447406840148,0.03790081222614397,0.027999193346109126,13.44558910619944,-0.016230174911426542,-0.022434301674365997,0.03487180179729458,0.026272664739224603,0.03304297110913733,0.02378526816708405,-5.534704134555035,3.9554424858222026
BA,1662,28,0.02680747652498047,0.023624639958143234,0.05846736400543619,0.03338296547415392,0.062188128623325525,0.035330807732862506,5.983078603998626,-0.02601334176369612,-0.029297614470124245,0.05428136996415635,0.03609422211508152,0.05532879950146745,0.03531748584676333,1.8931000613583215,3.938089332678474
NEE,1662,28,0.018908132602608745,0.018003659322857857,0.029156910499067126,0.02068048410045611,0.03299707624953365,0.023811553224911516,11.637897010711063,-0.01514944072974523,-0.01936284638941288,0.034398748532883515,0.024129519765754864,0.033073102345937064,0.021530829191064742,-4.008230534530743,3.8148332380901597
UNH,1662,28,0.019652802866885553,0.020892184227705002,0.03565707354876472,0.023843152269160332,0.038296272404979785,0.025550624602609134,6.891529359060766,-0.017510315062260404,-0.020267250016331673,0.040432792732887655,0.02623897500241677,0.04064732241175615,0.024390611717923432,0.5277830522151361,3.709656205637951
IBM,1662,28,0.01754707313175569,0.01717774197459221,0.02831692943497023,0.01986936410432872,0.031938721671599835,0.022400659487092918,11.339815894541982,-0.01445958484301755,-0.018384525552392006,0.032436646958261386,0.022355658217520717,0.031183054612454533,0.020506924532160534,-4.02010759172442,3.659854151408781
AAPL,1662,28,0.022616329385038464,0.021446138620376587,0.03130139002847167,0.023543905686099913,0.036494958148509664,0.027204867918813873,14.230919511960272,-0.01498242074571275,-0.020614027976989746,0.0354060920511226,0.02591255578071588,0.03303478001337476,0.02270606034581319,-7.178228632937067,3.5263454395116023
BLK,1662,28,0.02028998567112889,0.017859499901533127,0.03233596541153809,0.02236833481909282,0.03625466860054685,0.025099993965223406,10.808823636439623,-0.015715660226525492,-0.02191983163356781,0.03413911258178229,0.024700040139831413,0.03282690074987319,0.02257923035278631,-3.99736740884431,3.4057281137976565
ORCL,1662,28,0.0219125283582395,0.024137189611792564,0.039420629179194026,0.02639063873917771,0.04233717713338411,0.027865728637589945,6.888857858901276,-0.018084839527006732,-0.021903546527028084,0.03872384775669273,0.02772447770725772,0.03869228181130999,0.026000613022484596,-0.0815820207675344,3.403637919066871
CHTR,1662,28,0.021211214951344315,0.021467024460434914,0.037499979254825976,0.02617821608591208,0.04083884862562379,0.027981106684025196,8.175718667795373,-0.02049230702092596,-0.02549237385392189,0.04389994352214728,0.03140385927091584,0.04325649543048763,0.028033730857207433,-1.4875178519574206,3.344100407918976
CSCO,1662,28,0.016778013341148507,0.017204955220222473,0.02538392808471762,0.018581428108249837,0.029200073167341686,0.02134342373460028,13.068957261696756,-0.014138290804777555,-0.019307909533381462,0.03226768237369405,0.022442770274098564,0.03028372223562039,0.019693139525932327,-6.5512426862114115,3.2588572877426722
COST,1662,28,0.01741254414348468,0.015430722385644913,0.022875103397948054,0.01691611012208354,0.02788290130712722,0.020882795564082277,17.96010341254951,-0.010885713335843716,-0.01802097260951996,0.02721717549196818,0.02002473047823184,0.024389284864111665,0.016693339029814937,-11.594807488667701,3.182647961940905
MDT,1662,28,0.01571078147067166,0.016523173078894615,0.02630193545002176,0.01885702074413981,0.0289873596298859,0.0200879066351154,9.264121376185896,-0.014044238077882088,-0.018350211903452873,0.028900271820944116,0.021081462652232635,0.028044536343768363,0.019283120873282523,-3.051344713587678,3.106388331299109
V,1662,28,0.016798218310621674,0.01596721075475216,0.02543999330929459,0.017489992366561867,0.02922509859970029,0.02071278774006396,12.951556955378473,-0.013344485190658987,-0.018543776124715805,0.030807962272770925,0.021718308839815348,0.028704684296590597,0.0190999286222046,-7.327298758795764,2.8121290982913547
ABBV,1662,28,0.018098220205785092,0.016871821135282516,0.027359985654364323,0.0196261819937991,0.03156999226399333,0.022385832276431695,13.335469246949005,-0.012901737733838006,-0.018547838553786278,0.03183760416767644,0.02237831455737891,0.029406170103713093,0.019057740655063594,-8.268448612613888,2.5335103171675586
PM,1662,28,0.017444230244119584,0.01690310426056385,0.025994185147060936,0.018680047791570203,0.030105919570532307,0.021785736515423794,13.657561310619926,-0.01280500400473714,-0.019413812085986137,0.030751737535277116,0.02183483820340443,0.02829878582808275,0.018712433419643622,-8.668045767391686,2.49475777161412
SBUX,1662,28,0.020088171966010135,0.021135836839675903,0.03493124234172223,0.024305421608349732,0.03759114964551041,0.02528004774620744,7.075887087443366,-0.016280614010743988,-0.020224308595061302,0.03532789541032355,0.02455859901182307,0.03454379869490103,0.022855313322972148,-2.269862450125548,2.403012318658909
HD,1662,28,0.018338747671248344,0.016990846022963524,0.02836258173850098,0.020289590890235503,0.03188597046756441,0.02303108053840715,11.049965478226708,-0.014280000084561543,-0.018785545602440834,0.032941536533888094,0.0225522527250194,0.030967209150941498,0.020363387482094965,-6.375541862113754,2.337211808056477
DIS,1662,28,0.0196626806710865,0.019064702093601227,0.0364584492622583,0.025397171211050035,0.03883495297445103,0.02586495806734865,6.11949681967221,-0.018101962632631155,-0.022431140765547752,0.03602986837615742,0.025058092277353096,0.03532884215735063,0.024570522600080615,-1.9842886887843525,2.0676040654439287
SPGI,1662,28,0.01820031624056464,0.017048941925168037,0.02780433120959904,0.019391303135312735,0.03204161209641886,0.022616920416997675,13.224306174324486,-0.014183887856637219,-0.0195196270942688,0.03401210220668839,0.0234243509167068,0.03101327891590719,0.020315518034870795,-9.669481575658413,1.7774122993330366
CRM,1662,28,0.024626761761507576,0.024803923442959785,0.04331027039030589,0.03005609956407642,0.04576148285928604,0.0315728420136858,5.35649702724339,-0.02135077844936741,-0.025867033749818802,0.043626599319544025,0.03139795626989223,0.042794362486572195,0.029455284011738272,-1.9447347375088686,1.7058811448672606
CMG,1662,28,0.02400695651820568,0.023615265265107155,0.03894745366151778,0.027254975713627068,0.043437951962681395,0.029959546188389922,10.337730252617606,-0.018278689323394645,-0.02553226426243782,0.043346762582523485,0.03073528185430937,0.04042529058436206,0.026708599845903697,-7.226842295826441,1.5554439783955822
META,1662,28,0.028390796786027035,0.027168504893779755,0.046376183739220506,0.032139253590194435,0.050731319783301046,0.035229376306749535,8.584708741431356,-0.021024339974659332,-0.028038259595632553,0.04818117612593963,0.03353887714934756,0.04559378523362314,0.03018440345729755,-5.674876255741146,1.4549162428451052
TGT,1662,28,0.022320462545014998,0.0239726509898901,0.03952940037171737,0.027830288753022993,0.042753531083306755,0.028387841092742408,7.541203334309509,-0.018594420055236455,-0.026281185448169708,0.04126945379445442,0.02881060325885539,0.03934187526853724,0.025992288042900952,-4.899559344235738,1.3208219950368858
JNJ,1662,28,0.013237527566743982,0.015144269913434982,0.020427744677098698,0.015457679931850259,0.022930865390649594,0.016482593755225306,10.91594525940387,-0.010001519154079751,-0.015292343683540821,0.0228078396296075,0.01631672854582207,0.020950125339901673,0.014343745869235064,-8.867318259751023,1.0243134998264232
ACN,1662,28,0.01827313706803934,0.01974223367869854,0.029343175457182423,0.02148220790411715,0.032043249626339046,0.023454434961162646,8.426343147597626,-0.01607242467285044,-0.02107863500714302,0.03499202343039274,0.02535205056833837,0.032815930167688516,0.02238452418940196,-6.631210060432369,0.8975665435826286
TMUS,1662,28,0.018558771264157642,0.01710238680243492,0.02840362526875032,0.02029035912651037,0.03241834159036521,0.02266561214368012,12.38408914417779,-0.012742192785615647,-0.017896393314003944,0.029131422689590444,0.021370729279609854,0.026274617040692946,0.018588356525865754,-10.872872645386256,0.7556082493957668
MSFT,1662,28,0.019872118155467897,0.019351422786712646,0.028344233587756805,0.021159216408743207,0.032250640506768916,0.02407629530182599,12.112649105968032,-0.014227042975418963,-0.021563775837421417,0.03252518244179293,0.023922851106533822,0.029374715833614888,0.020715159394003646,-10.72509646058537,0.6937763226913312
WMT,1662,28,0.015938607315904834,0.015422411262989044,0.02258525515490659,0.01631499910502546,0.027439569405385708,0.01907274902628816,17.690927210856078,-0.010070635880522552,-0.017497889697551727,0.02797865439637861,0.01949626103153191,0.02398936938916339,0.01540127879873258,-16.629386719174377,0.5307702458408503
LIN,1662,28,0.016530922661972876,0.015822570770978928,0.024817214170263877,0.017598843762506314,0.02857884856231485,0.019918859453754115,13.16230212651467,-0.01175911882222105,-0.01832498051226139,0.028446074740933486,0.020326894929904176,0.02525591922773155,0.017354131749710306,-12.631318165204908,0.2654919806548808
SCHW,1662,28,0.023900134384856817,0.023912308737635612,0.03808331242392933,0.027533787326725276,0.04202925224246321,0.02987212888504484,9.388555846223689,-0.018876003570142248,-0.02753663808107376,0.044526186490076614,0.03113504502978041,0.04080098470830131,0.02708942785686809,-9.130176167089843,0.12918983956692287
PG,1662,28,0.013316911252497473,0.013595625758171082,0.01986958232153338,0.014321299764584,0.02259796283703238,0.016395621443790726,12.073568467985396,-0.010431202057638648,-0.015776850283145905,0.02538845339130558,0.01773984153356255,0.02233490462915406,0.014992851308987294,-13.671644508236124,-0.799038020125364
LMT,1662,28,0.016475882226368074,0.01654553785920143,0.027924703545514226,0.019295209148668852,0.030819312903715118,0.020390366488183514,9.392193029235118,-0.01274183009126995,-0.018029436469078064,0.03166998121954589,0.021780455221513853,0.028348734715781854,0.018459029220214418,-11.71567809661389,-1.1617425336893863
VZ,1662,28,0.013274339697148243,0.015635671094059944,0.023025530517284856,0.016564525812309366,0.024885546857107758,0.017139381236459913,7.474283569105689,-0.012009204652013925,-0.017948905006051064,0.026422513500170376,0.019625333910393786,0.02405237305428946,0.016591676878297133,-9.854081510091284,-1.1898989704927976
BRK-B,1662,28,0.013994614667876307,0.015061606653034687,0.02056868797454079,0.015411542634203416,0.023363020823972295,0.017192448462483283,11.960494623042495,-0.010048313643565244,-0.016353515908122063,0.02589389205408208,0.018493475016415822,0.02176459335978663,0.01463150408753293,-18.972551547528347,-3.5060284622429263
MCD,1662,28,0.013582753921991106,0.015566838905215263,0.022215822252410488,0.015478443026570204,0.024082313932292376,0.016867479747897297,7.750466525474032,-0.010427089414534223,-0.016249993816018105,0.028069576604049108,0.018085780146833763,0.02435364213162758,0.015093473364106588,-15.258228943077556,-3.7538812088017623
KO,1662,28,0.01329963865739519,0.014795856550335884,0.020791560469659045,0.014979586428864464,0.0232344670374877,0.01630281029650038,10.51414936218309,-0.009937012724645746,-0.016226740553975105,0.026953649676250035,0.018075784251280685,0.02255122982876691,0.014334710086653367,-19.52186147234991,-4.503856055083411
PEP,1662,28,0.013273571511458911,0.014248085208237171,0.021529718255971813,0.015122468738507849,0.02382848311369599,0.016542125679066873,9.64713048143173,-0.010564690900095907,-0.015694888308644295,0.02669642220689136,0.018597727820857817,0.02223127930946706,0.014921302136075214,-20.08495703404187,-5.21891327630507
